,Animal,Height (cm),Weight (kg),Color,Lifespan (years),Diet,Habitat,Predators,Average Speed (km/h),Countries Found,Conservation Status,Family,Gestation Period (days),Top Speed (km/h),Social Structure,Offspring per Birth,Height,Normal Height,Weight,Normal Weight,Lifespan,Normal Lifespan,Average Speed,Normal Average Speed,Top Speed,Normal Top Speed,Gestation Period,Normal Gestation Period
0,Aardvark,105-130,40-65,Grey,20-30,Insectivore,"Savannas, Grasslands","Lions, Hyenas",40,Africa,Least Concern,Orycteropodidae,210-240,40,Solitary,1,117.5,0.3938392922771792,52.5,0.20486331293455756,25.0,0.507586443922749,40.0,0.39518351372233707,40.0,0.3426783324104498,225.0,0.7365439954964326
1,Aardwolf,40-50,8-14,Yellow-brown,10-12,Insectivore,"Grasslands, Savannas","Lions, Leopards",24-30,Eastern and Southern Africa,Least Concern,Hyaenidae,90,40,Solitary,2-5,45.0,-0.474153643539754,11.0,-0.371775312596212,11.0,-0.6484224874076024,27.0,0.06015338531901938,40.0,0.3426783324104498,90.0,-0.14623253642618175
2,African Elephant,270-310,2700-6000,Grey,60-70,Herbivore,"Savannah, Forest","Lions, Hyenas",25,Africa,Vulnerable,Elephantidae,640-660,40,Herd-based,1,290.0,1.2108860960350463,4350.0,1.8345591730292692,65.0,1.8530260668897673,25.0,-0.005448328779962059,40.0,0.3426783324104498,650.0,1.758613561072157
3,African Lion,80-110,120-250,Tan,10-14,Carnivore,"Grasslands, Savannas","Hyenas, Crocodiles",58,Africa,Vulnerable,Felidae,98-105,80,Group-based,2-4 (usually),95.0,0.2016050000118856,185.0,0.6695716300772738,12.0,-0.525903228365753,58.0,0.7119048812980391,80.0,0.9190916307785335,101.5,-0.03038163384284516
4,African Wild Dog,75-80,18-36,Multicolored,10-12,Carnivore,Savannahs,"Lions, Hyenas",56,Sub-Saharan Africa,Endangered,Canidae,70,56,Group-based,10-12,77.5,0.017476116139526716,27.0,-0.04047972299831836,11.0,-0.6484224874076024,56.0,0.6819929843742051,56.0,0.6224848109760031,70.0,-0.3883549018528817
5,Alpine Ibex,67-101,19-120,Brown,15-20,Herbivore,"Mountains, Alpine","Wolves, Golden Eagles",56-64,European Alps,Least Concern,Bovidae,150,56-64,Group-based,1,84.0,0.09031308546463637,69.5,0.30835881148865735,17.5,0.005358443837484997,60.0,0.7408026179672466,60.0,0.679858496872774,150.0,0.3459091571201422
6,Amazon Rainforest Frog,2-13,Up to 0.5,Various,4-17,Insectivore,Amazon Rainforest,"Birds, Snakes",0.1-1,Amazon Rainforest,Not Evaluated,Dendrobatidae,10-15,0.8,Solitary,Up to 40,7.5,-2.0945680059110354,0.25,-1.7679522414798627,10.5,-0.7139265403647422,0.55,-3.258820423131085,0.8,-2.910515429452726,12.5,-2.048109682254704
7,American Bison,152-186,"318-1,000",Brown,15-20,Herbivore,"Grasslands, Plains","Wolves, Grizzly Bears",40-56,North America,Near Threatened,Bovidae,270-290,56,Group-based,1,169.0,0.722542130012521,659.0,1.1382738513399846,17.5,0.005358443837484997,48.0,0.5505946992560974,56.0,0.6224848109760031,280.0,0.9472344321461551
8,Anteater,52-91,22-41,"Brown, White",15-20,Insectivore,"Grasslands, Forests","Jaguars, Pumas",24,Central and South America,Least Concern,Myrmecophagidae,190-210,24,Solitary,1,71.5,-0.05539849686079796,31.5,0.016394176982138298,17.5,0.005358443837484997,24.0,-0.0402450619573513,24.0,-0.08211843650668775,200.0,0.6230689857433706
10,Arabian Oryx,70-90,65-90,White,10-20,Herbivore,Desert,"Lions, Leopards",55,Middle East,Vulnerable,Bovidae,210-240,55,Herd-based,1,80.0,0.046188701516682605,77.5,0.3485563554533447,15.0,-0.21169854027947763,55.0,0.6666339815719062,55.0,0.6075008270837623,225.0,0.7365439954964326
11,Arctic Fox,25-30,2.5-9,White,3-6,Omnivore,Tundra,Polar Bears,60,Arctic regions,Least Concern,Canidae,52-60,60,Solitary,4-11,27.5,-0.9195348363213951,5.75,-0.6111115150822254,4.5,-1.9069924316763707,60.0,0.7408026179672466,60.0,0.679858496872774,56.0,-0.6033367667759773
13,Asian Elephant,200-300,2000-5000,Grey,60-80,Herbivore,"Grasslands, Forests","Tigers, Leopards",40,Asia (Southeast),Endangered,Elephantidae,640-660,40,Herd-based,1,250.0,1.0766594254984674,3500.0,1.7543446828151141,70.0,1.957376258226818,40.0,0.39518351372233707,40.0,0.3426783324104498,650.0,1.758613561072157
14,Atlantic Puffin,25-30,500-620,"Black, White",20-25,"Carnivore, Piscivore","North Atlantic, Arctic","Gulls, Birds of Prey",30-50,"North Atlantic, Arctic",Vulnerable,Alcidae,40,80,Colony-based,1,27.5,-0.9195348363213951,560.0,1.0782136726109657,22.5,0.35923007079923697,40.0,0.39518351372233707,80.0,0.9190916307785335,40.0,-0.9275022131787622
15,Atlantic Spotted Dolphin,200-250,120-140,"Gray, White",20-25,Carnivore,"Oceans, Coastal Areas","Sharks, Orcas",40-64,Worldwide,Least Concern,Delphinidae,360-380,40-64,Group-based,1,225.0,0.9813744859008884,130.0,0.5393981686708922,22.5,0.35923007079923697,52.0,0.6188232308220858,52.0,0.56085746564079,370.0,1.2157536283719066
16,Australian Fur Seal,112-160,18-40,"Brown, Gray",14-17,Carnivore,Coastal Waters,"Sharks, Orcas",24-40,"Australia, New Zealand",Least Concern,Otariidae,300-350,24-40,Group-based,1,136.0,0.5260732250077407,29.0,-0.014114935150597707,15.5,-0.16552774129459122,32.0,0.20497559501118753,32.0,0.1571146973990718,325.0,1.0908188940726382
17,Axolotl,Up to 30,Up to 300,Various,10-15,Carnivore,"Lakes, Canals","Fish, Birds",0.8,Mexico,Critically Endangered,Ambystomatidae,14-21,0.2-0.3,Solitary,100-300,15.0,-1.4677061609445352,150.0,0.5921952311130357,12.5,-0.4684224632719169,0.8,-2.9394311297672053,0.25,-3.877778391177516,17.5,-1.7239442358519192
18,Aye-Aye,35-37,2.2-2.7,"Black, Brown",20-23,"Omnivore, Insectivore",Rainforests,Birds of Prey,32,Madagascar,Endangered,Daubentoniidae,160-170,32,Solitary,1,36.0,-0.6759580830473964,2.45,-0.9258671617021659,21.5,0.29521526516259544,32.0,0.20497559501118753,32.0,0.1571146973990718,165.0,0.4377332769739903
19,Baird's Tapir,76-107,150-400,"Brown, Black",25-30,Herbivore,"Rainforests, Grasslands","Jaguars, Crocodiles",48,Central and South America,Endangered,Tapiridae,390-395,48,Solitary,1,91.5,0.16765681408470137,275.0,0.8158290620209684,27.5,0.6417911078733393,48.0,0.5505946992560974,48.0,0.4942948618613963,392.5,1.2726279527170266
20,Bald Eagle,70-102,3-6,"Brown, White",20-30,Carnivore,"Forests, Lakes, Coasts","Wolves, Raccoons",120,North America,Least Concern,Accipitridae,34-36,120,Solitary,1-3,86.0,0.11159337258578984,4.5,-0.7015494565610051,25.0,0.507586443922749,120.0,1.3316423791806953,120.0,1.256271795240858,35.0,-1.056149568852401
21,Banded Palm Civet,41-71,2-5,"Brown, Black, White",7-10,Omnivore,Forests,Birds of Prey,16,"Southeast Asia, South Asia",Least Concern,Viverridae,60-64,16,Solitary,2-5,56.0,-0.2763775869736445,3.5,-0.7942719257302034,8.5,-1.0114673273355836,16.0,-0.3858641662022612,16.0,-0.4192986009690123,62.0,-0.5052768707548849
22,Barbary Macaque,Up to 75,5-13,"Brown, Gray",Up to 30,"Herbivore, Omnivore","Forests, Mountains","Leopards, Eagles",30,"Gibraltar, North Africa, Middle East",Endangered,Cercopithecidae,165-200,30,Group-based,1,37.5,-0.639039876470393,9.0,-0.44581277435448924,15.0,-0.21169854027947763,30.0,0.14996285675379825,30.0,0.10344519850469026,182.5,0.5348509489058868
23,Basking Shark,Up to 1100,400-700,"Gray, Brown",20-25,Carnivore,Oceans,"Orcas, Great White Sharks",14-28,Worldwide,Vulnerable,Cetorhinidae,36-42 months,14-28,Solitary,2-4,550.0,1.7897169830522464,550.0,1.071565744227484,22.5,0.35923007079923697,21.0,-0.1540674338077828,21.0,-0.19316162129784087,1170.0,2.324901372901642
24,Bearded Dragon,Up to 60,Up to 600,Various,6-15,Omnivore,"Deserts, Woodlands","Birds, Snakes",40-64,Australia,Not Evaluated,Agamidae,40-70,40-64,Solitary,Up to 24,30.0,-0.8408443159780352,300.0,0.8479319133195515,10.5,-0.7139265403647422,52.0,0.6188232308220858,52.0,0.56085746564079,55.0,-0.6206962284018182
25,Bengal Fox,35-40,2.5-4,Yellowish-gray,6-8,Omnivore,Grasslands,"Wolves, Birds of Prey",40,"India, Nepal, Bhutan",Least Concern,Canidae,50-60,40,Solitary,2-5,37.5,-0.639039876470393,3.25,-0.8216140652572455,7.0,-1.2848551514434572,40.0,0.39518351372233707,40.0,0.3426783324104498,55.0,-0.6206962284018182
26,Bengal Tiger,90-110,220-260,"Orange, Black",10-15,Carnivore,"Grasslands, Mangroves","Humans, Crocodiles",65,"India, Bangladesh, Nepal",Endangered,Felidae,104-106,65,Solitary,2-4 (usually),100.0,0.24799314102432576,240.0,0.7656030904239931,12.5,-0.4684224632719169,65.0,0.8090311495332351,65.0,0.7464211006521676,105.0,0.002279936523407918
27,Black Rhinoceros,132-180,"800-1,400","Gray, Black",35-50,Herbivore,"Grasslands, Forests","Lions, Hyenas",56,Eastern and Southern Africa,Critically Endangered,Rhinocerotidae,450-480,56,Solitary,1,156.0,0.6501538684490623,1100.0,1.3273024264339996,42.5,1.2547551751400248,56.0,0.6819929843742051,56.0,0.6224848109760031,465.0,1.4359291665435379
30,Blue Jay,22-30,0.07-0.12,"Blue, White",6-15,Omnivore,"Forests, Urban Areas","Birds of Prey, Snakes",32,North America,Least Concern,Corvidae,17-18,32,Flocks,2-6,26.0,-0.9702604939222189,0.095,-2.1249424097617213,10.5,-0.7139265403647422,32.0,0.20497559501118753,32.0,0.1571146973990718,17.5,-1.7239442358519192
32,Blue Whale,Up to 33.5m,Up to 200 tons,Blue-grey,70-90,Filter Feeder,Oceans,Orcas,40,Oceans worldwide,Endangered,Balaenopteridae,10-12 months,39,Solitary,1 (rarely 2),3350.0,3.423731157719526,200000.0,3.246952152715214,80.0,2.145399570225806,40.0,0.39518351372233707,39.0,0.32162433173503,330.0,1.105527943973509
33,Blue-Footed Booby,81-85,1.5-3,"Blue, White",12-17,Piscivore,Coastal Areas,"Orcas, Sharks",25-35,Eastern Pacific (GalÃ¡pagos Islands),Least Concern,Sulidae,41-45,25-35,Group-based,1,83.0,0.07948217187836111,2.25,-0.957286138767521,14.5,-0.2594347459962138,30.0,0.14996285675379825,30.0,0.10344519850469026,43.0,-0.8578267481819387
35,Bonobo,Up to 150,30-40,Black,40-60,Omnivore,Rainforests,"Leopards, Humans",40-60,Democratic Republic of Congo,Endangered,Hominidae,220-230,40-60,Social groups,1,75.0,-0.012178031503893318,35.0,0.055266943784902385,50.0,1.4835953511174156,50.0,0.5853914324334867,50.0,0.5282419674218278,225.0,0.7365439954964326
36,Bornean Orangutan,96-150,30-82,Reddish-brown,35-45,Omnivore,Rainforests,"Tigers, Humans",40-64,Borneo,Critically Endangered,Hominidae,230-270,40-64,Solitary,1,123.0,0.4352106437336841,56.0,0.22867480309585997,40.0,1.1693906630311401,52.0,0.6188232308220858,52.0,0.56085746564079,250.0,0.8380508506664661
37,Bottlenose Dolphin,200-400,150-650,Grey,20-50,Carnivore,Oceans,"Sharks, Orcas",37,Oceans worldwide,Least Concern,Delphinidae,12 months,64,Social pods,1,300.0,1.2415456584291067,400.0,0.9540722263764122,35.0,0.9813673510321509,37.0,0.3287289715447493,64.0,0.7335279957671554,12.0,-2.087438573724605
40,Brown Bear,70-120,70-780,Brown,20-30,Omnivore,"Forests, Mountains","Wolves, Tigers",48,"North America, Europe, Asia",Least Concern,Ursidae,180-250,48,Solitary,1-4,95.0,0.2016050000118856,425.0,0.9764396832141294,25.0,0.507586443922749,48.0,0.5505946992560974,48.0,0.4942948618613963,215.0,0.692744450740194
41,Burmese Python,Up to 460,Up to 90,"Brown, Black",20-25,Carnivore,"Grasslands, Forests","Leopards, Hawksbills",1.6-2.4,"Southeast Asia, South Asia, Indonesia",Least Concern,Pythonidae,88-100,1.6-2.4,Solitary,30-80,230.0,1.0012515602113516,45.0,0.14798941295410076,22.5,0.35923007079923697,2.0,-2.158383449842607,2.0,-2.148538496073264,94.0,-0.10433793357462576
42,Capybara,50-62,35-66,Brown,8-10,Herbivore,"Grasslands, Swamps","Jaguars, Anacondas",30-35,South America,Least Concern,Caviidae,150,35,Group-based,2-8,56.0,-0.2763775869736445,50.5,0.1905333547549233,9.0,-0.9309835244817042,32.5,0.21819138831978668,35.0,0.23163514761929666,150.0,0.3459091571201422
43,Cheetah,70-90,20-72,Tan with Black Spots,10-12,Carnivore,"Grasslands, Savannas","Lions, Hyenas",112,"Africa, Iran, India",Vulnerable,Felidae,90-98,112,Solitary,3-5,80.0,0.046188701516682605,46.0,0.1560985315373221,11.0,-0.6484224874076024,112.0,1.2728327455876531,112.0,1.1988981093440865,94.0,-0.10433793357462576
44,Chimpanzee,Up to 160,26-70,Black,40-50,Omnivore,"Rainforests, Grasslands","Leopards, Humans",40,Central and West Africa,Endangered,Hominidae,230-240,40,Social groups,1,80.0,0.046188701516682605,48.0,0.17180090311540314,45.0,1.3352389779939033,40.0,0.39518351372233707,40.0,0.3426783324104498,235.0,0.7784385983479886
46,Clownfish,7-10,50-300,Orange,6-10,Omnivore,Coral Reefs,"Larger Fish, Anemones",8,"Indian, Pacific Oceans",Not Evaluated,Pomacentridae,6-10,1.6,Group-based,"Up to 1,000",8.5,-1.9813741548582593,175.0,0.6490691310934927,8.0,-1.096831839444468,8.0,-0.9767039274157099,1.6,-2.334102131084642,8.0,-2.4780734121008954
48,Common Dolphin,200-250,100-135,"Gray, Yellow",20-25,Carnivore,"Oceans, Coastal Areas","Sharks, Orcas",60,Worldwide,Least Concern,Delphinidae,360-380,60,Group-based,1,225.0,0.9813744859008884,117.5,0.5020987519845826,22.5,0.35923007079923697,60.0,0.7408026179672466,60.0,0.679858496872774,370.0,1.2157536283719066
50,Coquerel's Sifaka,40-50,3-6,"White, Black",15-18,Herbivore,"Rainforests, Madagascar","Fossa, Hawks",30-45,Madagascar,Endangered,Indriidae,140-160,30,Group-based,1,45.0,-0.474153643539754,4.5,-0.7015494565610051,16.5,-0.07749387632888792,37.5,0.34017077546494784,30.0,0.10344519850469026,150.0,0.3459091571201422
52,Dhole,50-55,12-21,"Red, Brown",10-15,Carnivore,"Forests, Grasslands","Tigers, Leopards",56,Asia,Endangered,Canidae,60-63,56,Pack-based,4-8,52.5,-0.33474431999422083,16.5,-0.22217894344655695,12.5,-0.4684224632719169,56.0,0.6819929843742051,56.0,0.6224848109760031,61.5,-0.5130779178666236
53,Dingo,48-58,13-20,"Tan, Brown",10-15,Carnivore,"Grasslands, Forests","Humans, Dingoes",48-64,Australia,Least Concern,Canidae,63,48-64,Group-based,1-10,53.0,-0.32617202382111893,16.5,-0.22217894344655695,12.5,-0.4684224632719169,56.0,0.6819929843742051,56.0,0.6224848109760031,63.0,-0.489861757022916
54,Dugong,Up to 300,Up to 420,Gray,70-80,Herbivore,"Coastal Waters, Seagrass","Sharks, Orcas",10-15,"Indian Ocean, Western Pacific",Vulnerable,Dugongidae,13-14 months,27,Solitary,1,150.0,0.6146838134626067,210.0,0.7163366773475891,75.0,2.05452396219613,12.5,-0.5962880899934104,27.0,0.015828594049876885,405.0,1.302831807325917
55,Eastern Gorilla,140-188,73-204,Black,40-50,Herbivore,Rainforests,"Leopards, Humans",40,Democratic Republic of Congo,Endangered,Hominidae,255-270,40,Social groups,1,164.0,0.6953818162619032,138.5,0.5627659425511816,45.0,1.3352389779939033,40.0,0.39518351372233707,40.0,0.3426783324104498,262.5,0.8850564684460223
56,Echidna,30-45,2.5-6.5,"Brown, Tan",15-20,Insectivore,"Forests, Grasslands","Dingoes, Eagles",16-56,"Australia, New Guinea",Least Concern,Tachyglossidae,22-28,16-56,Solitary,1,37.5,-0.639039876470393,4.5,-0.7015494565610051,17.5,0.005358443837484997,36.0,0.3053740422875582,36.0,0.2550617279556364,25.0,-1.3803150152551855
58,Emperor Penguin,100,22-45,"Black, White",15-20,Carnivore,Antarctic,Leopard Seals,2-2.5,Antarctica,Near Threatened,Spheniscidae,62-66,9,Colony-based,1,100.0,0.24799314102432576,33.5,0.03910596426313322,17.5,0.005358443837484997,2.25,-2.057985002566236,9.0,-0.8977648687805313,64.0,-0.47468941110233936
59,Emperor Tamarin,23-26,300-400,"Black, White",10-15,Omnivore,Rainforests,"Snakes, Hawks",32,Amazon Rainforest,Least Concern,Callitrichidae,140-145,32,Group-based,1-2,24.5,-1.02400128092283,350.0,0.9048058133000082,12.5,-0.4684224632719169,32.0,0.20497559501118753,32.0,0.1571146973990718,142.5,0.2964919634771248
60,European Hedgehog,14-30,0.6-1.2,"Brown, Spiny",2-5,Omnivore,"Gardens, Grasslands","Foxes, Badgers",4-6,"Europe, Asia",Least Concern,Erinaceidae,35,4-6,Solitary,3-7,22.0,-1.1213392758290375,0.8999999999999999,-1.2953516438695953,3.5,-2.2608640586381235,5.0,-1.3773357699180089,5.0,-1.3865615626938022,35.0,-1.056149568852401
61,Fennec Fox,20-40,0.8-1.6,Cream,10-14,Omnivore,Sahara Desert,"Eagles, Jackals",32,North Africa,Least Concern,Canidae,50-52,32,Solitary,2-5,30.0,-0.8408443159780352,1.2000000000000002,-1.1892113308127343,12.0,-0.525903228365753,32.0,0.20497559501118753,32.0,0.1571146973990718,51.0,-0.6934420207779654
62,Fire Salamander,15-25,Up to 55,"Black, Yellow",10-15,Carnivore,"Forests, Caves","Birds, Foxes",0.8,Europe,Near Threatened,Salamandridae,30-60,0.8,Solitary,10-60,20.0,-1.207534988416317,27.5,-0.033709807494137684,12.5,-0.4684224632719169,0.8,-2.9394311297672053,0.8,-2.910515429452726,45.0,-0.8140272034257006
63,Flying Fox,Up to 40,Up to 1.1,"Brown, Gray",15-23,Herbivore,Forests,Birds of Prey,40-50,"Asia, Australia",Least Concern,Pteropodidae,140-150,40-50,Group-based,1,20.0,-1.207534988416317,0.55,-1.4770508643178337,19.0,0.12115652920976304,45.0,0.49558196099870777,45.0,0.44062536296701443,145.0,0.3132475867538891
64,Fossa,70-90,5-8,"Brown, Reddish-brown",15-20,Carnivore,"Rainforests, Madagascar","Humans, Larger Predators",45-48,Madagascar,Vulnerable,Eupleridae,90,45-48,Solitary,2-4,80.0,0.046188701516682605,6.5,-0.5658773830507295,17.5,0.005358443837484997,46.5,0.5235320582223835,46.5,0.46789300605406675,90.0,-0.14623253642618175
65,Frilled Lizard,Up to 90,Up to 0.5,"Brown, Grey",10-15,"Insectivore, Herbivore",Northern Australia,"Birds, Dingoes",29,Northern Australia,Least Concern,Agamidae,43-49,29,Solitary,6-25,45.0,-0.474153643539754,0.25,-1.7679522414798627,12.5,-0.4684224632719169,29.0,0.12106512008459074,29.0,0.07525305436960274,46.0,-0.7928521960031482
66,GalÃ¡pagos Penguin,49-53,1.5-2.5,"Black, White",Up to 15,Carnivore,Coastal Areas,"Orcas, Sharks",24-35,GalÃ¡pagos Islands,Endangered,Spheniscidae,40,24-35,Solitary,1,51.0,-0.360959792486978,2.0,-1.0007421948603152,7.5,-1.187707447474144,29.5,0.13563644231939948,29.5,0.08946859039531044,40.0,-0.9275022131787622
67,Galápagos Penguin,48-53,1.7-2.6,"Black, White",15-20,"Carnivore, Piscivore",Galápagos Islands,"Sharks, Birds",6-7,Galápagos Islands,Endangered,Spheniscidae,38-40,35,Colony-based,1,50.5,-0.3698699185015336,2.15,-0.974059483646785,17.5,0.005358443837484997,6.5,-1.1536960528182603,35.0,0.23163514761929666,39.0,-0.951893998395819
68,Galápagos Tortoise,Up to 183,Up to 417,"Brown, Grey",100-150,Herbivore,Galápagos Islands,"Humans, Rats",0.3-0.5,Galápagos Islands,Vulnerable,Testudinidae,135,0.3,Solitary,Up to 16,91.5,0.16765681408470137,208.5,0.7136918628448284,125.0,2.7738089463983577,0.4,-3.5302708909806535,0.3,-3.72616186172657,135.0,0.2444023019501087
70,Gaur,180-300,600-1300,"Dark Brown, Black",20-25,Herbivore,"Grasslands, Forests","Tigers, Leopards",30-40,"Southeast Asia, South Asia",Vulnerable,Bovidae,275-280,30-40,Herd-based,1,240.0,1.0397412189214643,950.0,1.2732130682987022,22.5,0.35923007079923697,35.0,0.2813611418719056,35.0,0.23163514761929666,277.5,0.9385937997486783
71,Gerenuk,80-105,28-52,"Brown, White",8-10,Herbivore,"Savannas, Scrublands","Lions, Leopards",55,"Eastern Africa, Horn of Africa",Near Threatened,Bovidae,170-215,95,Solitary,1,92.5,0.17748702472928965,40.0,0.1045333568613064,9.0,-0.9309835244817042,55.0,0.6666339815719062,95.0,1.0620003465587484,192.5,0.5862457499235808
72,Gharial,Up to 600,Up to 1500,Brownish-gray,40-60,Carnivore,"Rivers, Lakes","Crocodiles, Tigers",32,Indian subcontinent,Critically Endangered,Gavialidae,94-123,32,Solitary,20-95,300.0,1.2415456584291067,750.0,1.185997418421626,50.0,1.4835953511174156,32.0,0.20497559501118753,32.0,0.1571146973990718,108.5,0.0338704405709952
73,Giant Pacific Octopus,Up to 5,Up to 25,"Red, Brown",3-5,Carnivore,Ocean Floor,"Fish, Sharks",24,Pacific Ocean,Data Deficient,Enteroctopodidae,50-70,24,Solitary,"Up to 200,000",2.5,-3.0881205233158164,12.5,-0.32461118465616673,4.0,-2.0728407466391343,24.0,-0.0402450619573513,24.0,-0.08211843650668775,60.0,-0.5368673748024722
74,Giant Panda,70-90,70-125,"Black, White",20-30,Herbivore,Temperate Broadleaf Forests,Snow Leopards,32,China,Endangered,Ursidae,95-160,32,Solitary,1,80.0,0.046188701516682605,97.5,0.4332578556140315,25.0,0.507586443922749,32.0,0.20497559501118753,32.0,0.1571146973990718,127.5,0.1893345111446494
79,Golden Lion Tamarin,Up to 35,Up to 0.7,"Golden, Reddish-brown",10-15,Omnivore,Tropical Rainforests,"Birds, Snakes",8-13,"Brazil, Southeastern Bahia",Endangered,Callitrichidae,125-130,8-13,Social groups,1-3,17.5,-1.328296837399002,0.35,-1.6438107952453094,12.5,-0.4684224632719169,10.5,-0.7449071950212315,10.5,-0.769574919665925,127.5,0.1893345111446494
80,Golden Poison Dart Frog,3-6,Up to 2.4,Various,10-17,Insectivore,Rainforests,Snakes,0.3,Western Colombia,Near Threatened,Dendrobatidae,14,0.3,Solitary,Up to 40,4.5,-2.556543617946896,1.2,-1.1892113308127346,13.5,-0.3600549134029897,0.3,-3.7754915479491933,0.3,-3.72616186172657,14.0,-1.9389261007750154
81,Great White Shark,Up to 610,Up to 2268,Grey,30-40,Carnivore,Oceans,Orcas,56,Oceans worldwide,Vulnerable,Lamnidae,12-18 months,56,Solitary,2-14 (approx.),305.0,1.256494271087062,1134.0,1.3385336441075117,35.0,0.9813673510321509,56.0,0.6819929843742051,56.0,0.6224848109760031,450.0,1.4043386624959515
82,Great White Shark,Up to 670,Up to 2268,"Gray, White",70,Carnivore,Oceans,Orcas,56,Worldwide,Vulnerable,Lamnidae,12-18,56,Solitary,2-17,335.0,1.3413411833123843,1134.0,1.3385336441075117,70.0,1.957376258226818,56.0,0.6819929843742051,56.0,0.6224848109760031,15.0,-1.8724567088015094
83,Green Anaconda,Up to 550,Up to 97.5,Olive-green,10-15,Carnivore,"Swamps, Marshes","Jaguars, Caymans",16-24 (in water),South America,Least Concern,Boidae,150-160,24,Solitary,Up to 80,275.0,1.1628551380857473,48.75,0.17752117340751564,12.5,-0.4684224632719169,20.0,-0.19565624749111163,24.0,-0.08211843650668775,155.0,0.3774996611677295
86,Grevy's Zebra,130-160,350-450,"White, Black",20-30,Herbivore,Grasslands,"Lions, Hyenas",64,Eastern Africa,Endangered,Equidae,390-396,64,Herd-based,1,145.0,0.5840242510685463,400.0,0.9540722263764122,25.0,0.507586443922749,64.0,0.7958153562246358,64.0,0.7335279957671554,393.0,1.2738544634548146
89,Harp Seal,Up to 180,Up to 160,"Silver, Gray",20-35,Carnivore,"Arctic, Atlantic Ocean","Polar Bears, Orcas",19-22,"Arctic, Atlantic Ocean",Least Concern,Phocidae,335,28,Group-based,1,90.0,0.15270820142674602,80.0,0.3602700390678221,27.5,0.6417911078733393,20.5,-0.1746082251723226,28.0,0.046071512607918655,335.0,1.1200157967538098
90,Harpy Eagle,86-107,4.5-9,"Black, White",25-35,Carnivore,Rainforests,"Jaguars, Snakes",50,Central and South America,Near Threatened,Accipitridae,56-58,50,Solitary,1,96.5,0.21577297345429583,6.75,-0.55195308741135,30.0,0.7643103669151888,50.0,0.5853914324334867,50.0,0.5282419674218278,57.0,-0.5862845684454895
91,Hippopotamus,120-160,1300-3200,Grey,40-50,Herbivore,"Rivers, Lakes","Lions, Crocodiles",25,Sub-Saharan Africa,Vulnerable,Hippopotamidae,230-250,30,Group-based,1,140.0,0.552288697500497,2250.0,1.5913304697777968,45.0,1.3352389779939033,25.0,-0.005448328779962059,30.0,0.10344519850469026,240.0,0.7987219591965654
93,Hummingbird,7.5-13,2-20,Various,3-5,"Nectar, Insects",Americas,"Birds of Prey, Snakes",40-80,Americas,Least Concern,Trochilidae,13-22,80,Solitary,1-3,10.25,-1.8120655636040968,11.0,-0.371775312596212,4.0,-2.0728407466391343,60.0,0.7408026179672466,80.0,0.9190916307785335,17.5,-1.7239442358519192
94,Humpback Whale,Up to 1700,Up to 30000,"Black, White",45-50,Omnivore,Oceans,Orcas,24-27,Worldwide,Least Concern,Balaenopteridae,365,24-27,Solitary,1,850.0,2.1834057939560254,15000.0,2.2912729701432477,47.5,1.4113701244907049,25.5,0.011431462282048771,25.5,-0.03170369169693571,365.0,1.2026456159054055
95,Iberian Lynx,60-70,9-14,Yellowish-brown,10-13,Carnivore,Mediterranean Scrublands,"Humans, Wildcats",70-80,"Spain, Portugal",Endangered,Felidae,63-67,70-80,Solitary,1-4,65.0,-0.14159420944807702,11.5,-0.35537483287570965,11.5,-0.585830706864561,75.0,0.9310105366783962,75.0,0.865422131884152,65.0,-0.45975230484949503
96,Indri,Up to 70,Up to 6,"Black, White",15-18,Herbivore,Rainforests,"Fossa, Birds of Prey",24-27,Madagascar,Critically Endangered,Indridae,120-140,24-27,Solitary,1,35.0,-0.7014349924325025,3.0,-0.8511458257106603,16.5,-0.07749387632888792,25.5,0.011431462282048771,25.5,-0.03170369169693571,130.0,0.20804236215002375
98,Japanese Macaque,50-60,10-14,Brown,20-30,Omnivore,"Forests, Mountains","Humans, Leopards",30,"Japan, China, North Korea",Least Concern,Cercopithecidae,173-194,30,Social groups,1,55.0,-0.29267299135489516,12.0,-0.33967246129762857,25.0,0.507586443922749,30.0,0.14996285675379825,30.0,0.10344519850469026,183.5,0.540115574325491
99,Kakapo,Up to 60,Up to 4,Green,60+,Herbivore,"Forests, Islands","Rats, Cats",2.5,New Zealand,Critically Endangered,Strigopidae,21-24,2.4,Solitary,1-4 (usually 1),30.0,-0.8408443159780352,2.0,-1.0007421948603152,60.0,1.7403192741098548,2.5,-1.9681755311314575,2.4,-1.996921966622318,22.5,-1.4818218704252193
100,Kangaroo Rat,7-15,0.035-0.15,"Brown, Gray",2-5,Herbivore,Deserts,"Snakes, Birds of Prey",16,North America,Least Concern,Heteromyidae,22-24,16,Solitary,2-5,11.0,-1.7482011207955375,0.0925,-2.1347816606745598,3.5,-2.2608640586381235,16.0,-0.3858641662022612,16.0,-0.4192986009690123,23.0,-1.460646863002667
101,King Cobra,Up to 550,Up to 9,Olive-green,20-30,Carnivore,"Grasslands, Forests","Birds, Snakes",20,"Southeast Asia, South Asia",Vulnerable,Elapidae,90-113,20,Solitary,20-40,275.0,1.1628551380857473,4.5,-0.7015494565610051,25.0,0.507586443922749,20.0,-0.19565624749111163,20.0,-0.23373496595763427,101.5,-0.03038163384284516
102,Kiwi,25-46,1.0-3.3,Brown,25-50,Omnivore,Forests,"Stoats, Cats",6.4-9.6,New Zealand,Vulnerable,Apterygidae,63-92,9,Solitary,1,35.5,-0.6886068273463355,2.15,-0.974059483646785,37.5,1.0785150550014642,8.0,-0.9767039274157099,9.0,-0.8977648687805313,77.5,-0.29029500583178935
103,Komodo Dragon,Up to 300,Up to 90,Grey,20-30,Carnivore,"Islands, Grasslands","Humans, Larger Predators",20,Indonesia,Vulnerable,Varanidae,7-8 months,20,Solitary,20-25,150.0,0.6146838134626067,45.0,0.14798941295410076,25.0,0.507586443922749,20.0,-0.19565624749111163,20.0,-0.23373496595763427,225.0,0.7365439954964326
106,Lemur,30-50,0.6-3.5,Various,15-25,Omnivore,"Rainforests, Madagascar","Fossa, Hawks",24-29,Madagascar,Vulnerable,Lemuridae,134-138,29,Group-based,1-2,40.0,-0.580673143449817,2.05,-0.9916318543785563,20.0,0.19338175583647368,26.5,0.04422018135424452,29.0,0.07525305436960274,136.0,0.25151247484478223
108,Lion-tailed Macaque,45-60,2.5-10,Black,20-30,"Omnivore, Herbivore","Western Ghats, India","Tigers, Leopards",30-40,India,Endangered,Cercopithecidae,150-170,35,Social groups,1,52.5,-0.33474431999422083,6.25,-0.5803478668626826,25.0,0.507586443922749,35.0,0.2813611418719056,35.0,0.23163514761929666,160.0,0.408087120820275
112,Manatee,300-400,400-590,"Gray, Brown",40-60,Herbivore,"Rivers, Coastal Areas","Alligators, Sharks",8,"North, Central, and South America",Vulnerable,Trichechidae,365-450,8,Solitary,1,350.0,1.3809549819746394,495.0,1.03269297742472,50.0,1.4835953511174156,8.0,-0.9767039274157099,8.0,-0.9957118993370964,407.5,1.3087605894478933
113,Mandrill,Up to 75,Up to 55,"Brown, Green",20-40,Omnivore,Rainforests,"Leopards, Humans",30,Central Africa,Vulnerable,Cercopithecidae,175-190,30,Social groups,1,37.5,-0.639039876470393,27.5,-0.033709807494137684,30.0,0.7643103669151888,30.0,0.14996285675379825,30.0,0.10344519850469026,182.5,0.5348509489058868
114,Maned Wolf,67-107,20-25,Reddish-Brown,6-8,Omnivore,"Grasslands, Forests","Jaguars, Pumas",56,South America,Near Threatened,Canidae,65-70,56,Solitary,2-6,87.0,0.12204863903268556,22.5,-0.10774726925241511,7.0,-1.2848551514434572,56.0,0.6819929843742051,56.0,0.6224848109760031,67.5,-0.42339236504941014
115,Mantis Shrimp,Up to 30,Up to 2.7,Various,Up to 20,Carnivore,Coral Reefs,Larger Fish,30-50,Oceans worldwide,Not Evaluated,Stomatopoda,20-30,30-50,Solitary,Hundreds,15.0,-1.4677061609445352,1.35,-1.14575527471994,10.0,-0.7826271513581922,40.0,0.39518351372233707,40.0,0.3426783324104498,25.0,-1.3803150152551855
116,Markhor,Up to 115,Up to 110,"Brown, Gray",10-13,Herbivore,Mountains,"Wolves, Snow Leopards",40-64,"Central Asia, South Asia, Middle East",Near Threatened,Bovidae,135-170,40-64,Solitary,1-2,57.5,-0.2524721297216483,55.0,0.22202687471237817,11.5,-0.585830706864561,52.0,0.6188232308220858,52.0,0.56085746564079,152.5,0.361833884222583
117,Meerkat,25-35,0.6-1,"Brown, Tan",12-14,"Omnivore, Insectivore",Arid regions,"Eagles, Jackals",32,"Kalahari Desert, Africa",Least Concern,Herpestidae,70-73,32,Social groups,2-5,30.0,-0.8408443159780352,0.8,-1.3388076999623897,13.0,-0.4131964355858404,32.0,0.20497559501118753,32.0,0.1571146973990718,71.5,-0.36792818499564695
119,Mountain Gorilla,120-200,70-200,"Black, Brown",35-40,Herbivore,"Rainforests, Mountains","Leopards, Humans",40,"Democratic Republic of Congo, Uganda",Endangered,Hominidae,255-270,40,Group-based,1,160.0,0.6730505464831826,135.0,0.5533224643102718,37.5,1.0785150550014642,40.0,0.39518351372233707,40.0,0.3426783324104498,262.5,0.8850564684460223
121,Narwhal,Up to 500,Up to 1600,"Gray, Mottled White",50-60,Carnivore,Arctic Waters,"Polar Bears, Orcas",45,Arctic,Near Threatened,Monodontidae,14-16 months,45,Solitary,1,250.0,1.0766594254984674,800.0,1.2098089085829282,55.0,1.6178000150680059,45.0,0.49558196099870777,45.0,0.44062536296701443,450.0,1.4043386624959515
123,Numbat,35-45,0.32-1,"Red, White",Up to 5,Insectivore,Eucalyptus Forests,"Foxes, Cats",8,Western Australia,Endangered,Myrmecobiidae,14,8,Solitary,4-6,40.0,-0.580673143449817,0.66,-1.4097833180637371,2.5,-2.7346449657475254,8.0,-0.9767039274157099,8.0,-0.9957118993370964,14.0,-1.9389261007750154
124,Okapi,200-250,200-350,"Brown, White",20-30,Herbivore,Central Africa,"Leopards, Lions",56,Democratic Republic of Congo,Endangered,Giraffidae,440-450,58,Solitary,1,225.0,0.9813744859008884,275.0,0.8158290620209684,25.0,0.507586443922749,56.0,0.6819929843742051,58.0,0.6516663527376865,445.0,1.3935740359325381
125,Okapi,200-250,200-350,"Dark Brown, White",20-30,Herbivore,Rainforests,"Leopards, Humans",58,Democratic Republic of Congo,Endangered,Giraffidae,420-450,58,Solitary,1,225.0,0.9813744859008884,275.0,0.8158290620209684,25.0,0.507586443922749,58.0,0.7119048812980391,58.0,0.6516663527376865,435.0,1.3716770921296983
126,Orangutan,Up to 160,30-82,Reddish-brown,30-45,Omnivore,Rainforests,"Tigers, Humans",6-12,"Indonesia, Malaysia",Critically Endangered,Hominidae,230-250,40,Solitary,1,80.0,0.046188701516682605,56.0,0.22867480309585997,37.5,1.0785150550014642,9.0,-0.8763054801393388,40.0,0.3426783324104498,240.0,0.7987219591965654
127,Pangolin,30-100,2-40,"Brown, Yellowish",10-20,Insectivore,"Grasslands, Forests","Lions, Tigers",32,"Asia, Africa",Critically Endangered,Manidae,240-260,32,Solitary,1,65.0,-0.14159420944807702,21.0,-0.13320219216751672,15.0,-0.21169854027947763,32.0,0.20497559501118753,32.0,0.1571146973990718,250.0,0.8380508506664661
128,Patagonian Mara,45-75,5.5-16,"Brown, Gray",5-10,Herbivore,Grasslands,"Foxes, Birds of Prey",30,"Argentina, Chile",Least Concern,Caviidae,75-80,30,Group-based,1-3,60.0,-0.2139824710115357,10.75,-0.38025729633819494,7.5,-1.187707447474144,30.0,0.14996285675379825,30.0,0.10344519850469026,77.5,-0.29029500583178935
129,Peacock Mantis Shrimp,Up to 18,Up to 0.4,Various,Up to 20,Carnivore,Coral Reefs,"Fish, Crustaceans",72,Indo-Pacific region,Not Evaluated,Gonodactylidae,6-9 weeks,72,Solitary,"Up to 10,000",9.0,-1.929681772980396,0.2,-1.8502810643754213,10.0,-0.7826271513581922,72.0,0.8962138035010069,72.0,0.8314750263237205,52.5,-0.6655147304761104
131,Pink Fairy Armadillo,12-15,Up to 0.1,Pinkish,4,Insectivore,Grasslands,"Birds, Canids",0.8,Argentina,Near Threatened,Dasypodidae,60-64,0.8,Solitary,1,13.5,-1.5629911005421147,0.05,-2.361754428788453,4.0,-2.0728407466391343,0.8,-2.9394311297672053,0.8,-2.910515429452726,62.0,-0.5052768707548849
132,Platypus,10-15,0.7-2.4,Brown,10-17,"Carnivore, Insectivore",Eastern Australia,"Foxes, Birds of Prey",3-7,Australia,Near Threatened,Ornithorhynchidae,10 days (in burrow),9,Solitary,1-3 (rarely 5),12.5,-1.6325923938751743,1.5499999999999998,-1.0947847013703516,13.5,-0.3600549134029897,5.0,-1.3773357699180089,9.0,-0.8977648687805313,10.0,-2.2630915471777993
133,Polar Bear,Up to 160,Up to 700,White,25-30,Carnivore,Arctic,Orcas,40,Arctic,Vulnerable,Ursidae,195-265,40,Solitary,1-2,80.0,0.046188701516682605,350.0,0.9048058133000082,27.5,0.6417911078733393,40.0,0.39518351372233707,40.0,0.3426783324104498,230.0,0.7577190029189851
134,Potoo,21-58,0.2-1,"Gray, Brown",10-15,"Carnivore, Insectivore","Forests, Woodlands",Birds of Prey,16-24,Central and South America,Least Concern,Nyctibiidae,20-30,16-24,Solitary,1,39.5,-0.5920490226898569,0.6,-1.4449480130192505,12.5,-0.4684224632719169,20.0,-0.19565624749111163,20.0,-0.23373496595763427,25.0,-1.3803150152551855
136,Proboscis Monkey,45-75,14-24,"Orange, Brown",Up to 15,Herbivore,"Mangroves, Rainforests",Clouded Leopards,24-32,"Borneo, Malaysia",Endangered,Cercopithecidae,166-200,24-32,Social groups,1,60.0,-0.2139824710115357,19.0,-0.17012798852499403,7.5,-1.187707447474144,28.0,0.09115322316075604,28.0,0.046071512607918655,183.0,0.5374868576757779
137,Pronghorn,81-104,40-70,"Brown, White",10-15,Herbivore,Grasslands,"Coyotes, Bobcats",88.5,North America,Least Concern,Antilocapridae,240,88.5,Group-based,1,92.5,0.17748702472928965,55.0,0.22202687471237817,12.5,-0.4684224632719169,88.5,1.0720953077777573,88.5,1.0030620532257184,240.0,0.7987219591965654
139,Quokka,40-54,2.5-5,"Brown, Gray",5-10,Herbivore,"Scrublands, Forests","Foxes, Cats",24,Australia,Vulnerable,Macropodidae,25-30,24,Solitary,1,47.0,-0.43482699219696314,3.75,-0.7688170028151019,7.5,-1.187707447474144,24.0,-0.0402450619573513,24.0,-0.08211843650668775,27.5,-1.288490895401337
140,Red Fox,35-50,3-7,Reddish-brown,3-5,Omnivore,"Forests, Grasslands","Wolves, Eagles",48,"North America, Europe, Asia",Least Concern,Canidae,52,48,Solitary,4-6,42.5,-0.5258460254176169,5.0,-0.6626766897582411,4.0,-2.0728407466391343,48.0,0.5505946992560974,48.0,0.4942948618613963,52.0,-0.6747341697725902
141,Red Kangaroo,140-180,18-95,"Brown, Red",Up to 23,Herbivore,Grasslands,"Dingoes, Eagles",56,Australia,Least Concern,Macropodidae,30-34,56,Group-based,1,160.0,0.6730505464831826,56.5,0.23195438062939078,11.5,-0.585830706864561,56.0,0.6819929843742051,56.0,0.6224848109760031,32.0,-1.1424840781018577
142,Red Panda,50-65,3-6,Reddish-brown,8-12,Herbivore,Himalayan Foothills,"Snow Leopards, Martens",0.2-0.4,"China, Nepal, Bhutan, India",Endangered,Ailuridae,112-158,0.2-0.4,Solitary,1-4,57.5,-0.2524721297216483,4.5,-0.7015494565610051,10.0,-0.7826271513581922,0.30000000000000004,-3.7754915479491933,0.30000000000000004,-3.7261618617265695,135.0,0.2444023019501087
145,Saola,Up to 90,Up to 100,"Brown, White",Up to 21,Herbivore,Forests,"Tigers, Leopards",26,"Vietnam, Laos",Critically Endangered,Bovidae,240,26,Solitary,1,45.0,-0.474153643539754,50.0,0.18686217975686484,10.5,-0.7139265403647422,26.0,0.027983469608637127,26.0,-0.015555832727294114,240.0,0.7987219591965654
146,Secretary Bird,100-150,2.3-4.5,"Black, Grey",10-15,Carnivore,"Grasslands, Savannas","Snakes, Lizards",24,Africa,Least Concern,Sagittariidae,42-46,32,Solitary,2,125.0,0.44979758053196817,3.4,-0.804966878711641,12.5,-0.4684224632719169,24.0,-0.0402450619573513,32.0,0.1571146973990718,44.0,-0.835678093324914
147,Serval,54-62,8-18,"Yellowish-Tan, Black",10-12,Carnivore,"Grasslands, Wetlands","Leopards, Hyenas",44,Africa,Least Concern,Felidae,54-72,44,Solitary,1,58.0,-0.24464203340559612,13.0,-0.3101407008442137,11.0,-0.6484224874076024,44.0,0.47642606286075634,44.0,0.4219371920723839,63.0,-0.489861757022916
148,Shoebill,110-140,4-6,Grayish-brown,30-35,Carnivore,"Swamps, Marshes","Crocodiles, Snakes",14-16,Tropical Central Tropical Africa,Vulnerable,Balaenicipitidae,30-35,14-16,Solitary,1-3,125.0,0.44979758053196817,5.0,-0.6626766897582411,32.5,0.8770171596951014,15.0,-0.44087690445965044,15.0,-0.4729680998633938,32.5,-1.1275469718490134
149,Shortfin Mako Shark,Up to 394,Up to 800,Metallic Blue,28-35,Carnivore,Oceans,Larger Sharks,45,Worldwide,Vulnerable,Lamnidae,20-24,45,Solitary,1,197.0,0.8611866581847326,400.0,0.9540722263764122,31.5,0.8330109779086389,45.0,0.49558196099870777,45.0,0.44062536296701443,22.0,-1.5034727603244324
151,Sloth,50-60,3.6-9,"Brown, Gray",10-16,Herbivore,Rainforests,"Jaguars, Harpy Eagles",0.03-0.24,Central and South America,Least Concern,Bradypodidae,120-180,0.03-0.24,Solitary,1,55.0,-0.29267299135489516,6.3,-0.5774080103264517,13.0,-0.4131964355858404,0.135,-4.45614078059742,0.135,-4.390191764549467,150.0,0.3459091571201422
153,Snow Leopard,50-70,22-75,"Grayish-yellow, Black",10-15,Carnivore,"Mountains, Steppes","Humans, Wolves",40-60,Central and South Asia,Vulnerable,Felidae,90-100,40-60,Solitary,1-5,60.0,-0.2139824710115357,48.5,0.17562425383976507,12.5,-0.4684224632719169,50.0,0.5853914324334867,50.0,0.5282419674218278,95.0,-0.09414287489916562
154,Snowy Owl,52-71,1.6-3.3,White,10-15,Carnivore,"Arctic, North America","Foxes, Wolves",80,"Arctic, North America",Least Concern,Strigidae,32-34,80,Solitary,3-11,61.5,-0.19165120123281507,2.45,-0.9258671617021659,12.5,-0.4684224632719169,80.0,0.9860232749357855,80.0,0.9190916307785335,33.0,-1.1128379219481424
155,Spectacled Bear,120-200,35-77,"Black, Tan",10-25,Omnivore,Forests,"Jaguars, Pumas",45,South America,Vulnerable,Ursidae,200-294,45,Solitary,1,160.0,0.6730505464831826,56.0,0.22867480309585997,17.5,0.005358443837484997,45.0,0.49558196099870777,45.0,0.44062536296701443,247.0,0.8264198355065252
156,Sperm Whale,Up to 2056,Up to 57000,Gray,50-60,Carnivore,Oceans,Orcas,60,Worldwide,Vulnerable,Physeteridae,50-60,60,Solitary,1,1028.0,2.355357457159819,28500.0,2.528084989169979,55.0,1.6178000150680059,60.0,0.7408026179672466,60.0,0.679858496872774,55.0,-0.6206962284018182
157,Spider Monkey,35-64,6-9,"Brown, Black",25-36,Omnivore,Rainforests,"Jaguars, Pumas",45,Central and South America,Vulnerable,Atelidae,110-160,45,Group-based,1,49.5,-0.3879579309524745,7.5,-0.513080320608586,30.5,0.7875849994702244,45.0,0.49558196099870777,45.0,0.44062536296701443,135.0,0.2444023019501087
158,Spotted Hyena,70-92,44-64,Yellowish-brown,12-25,"Carnivore, Scavenger","Grasslands, Savannahs","Lions, Leopards",56-64,Sub-Saharan Africa,Least Concern,Hyaenidae,90-110,56,Group-based,1-4,81.0,0.057423261829167065,54.0,0.21525695920819748,18.5,0.0836054182459544,60.0,0.7408026179672466,56.0,0.6224848109760031,100.0,-0.0447256812561474
159,Squirrel Monkey,25-35,0.5-1,"Yellowish-Orange, Black",Up to 20,Omnivore,Rainforests,"Snakes, Hawks",30,Central and South America,Least Concern,Cebidae,15-20,30,Group-based,40-50,30.0,-0.8408443159780352,0.75,-1.362619190123692,10.0,-0.7826271513581922,30.0,0.14996285675379825,30.0,0.10344519850469026,17.5,-1.7239442358519192
161,Sumatran Orangutan,66-100,23-56,Reddish-Brown,30-50,Omnivore,Rainforests,"Tigers, Humans",35,Sumatra,Critically Endangered,Hominidae,90-100,35,Solitary,1,83.0,0.07948217187836111,39.5,0.09989241462277332,40.0,1.1693906630311401,35.0,0.2813611418719056,35.0,0.23163514761929666,95.0,-0.09414287489916562
162,Sumatran Rhino,100-145,750-950,Reddish-Brown,30-45,Herbivore,Rainforests,"Tigers, Humans",40,Southeast Asia,Critically Endangered,Rhinocerotidae,430-640,40,Solitary,1,122.5,0.43152684851781226,850.0,1.2321763654206452,37.5,1.0785150550014642,40.0,0.39518351372233707,40.0,0.3426783324104498,535.0,1.5710294870946844
163,Sumatran Rhinoceros,112-145,500-950,Brown,35-40,Herbivore,Rainforests,"Tigers, Humans",40-64,Southeast Asia,Critically Endangered,Rhinocerotidae,425-475,40,Solitary,1,128.5,0.47477192226031995,725.0,1.1734894394665825,37.5,1.0785150550014642,52.0,0.6188232308220858,40.0,0.3426783324104498,450.0,1.4043386624959515
164,Sumatran Tiger,70-87,47-121,"Orange, Black Stripes",15-20,Carnivore,Rainforests,"Leopards, Humans",24,Sumatra,Critically Endangered,Felidae,140-230,24,Solitary,1-5,78.5,0.02907076822465815,84.0,0.3782711722455148,17.5,0.005358443837484997,24.0,-0.0402450619573513,24.0,-0.08211843650668775,185.0,0.5479589613723879
165,Sun Bear,120-150,27-80,Black,25-30,Omnivore,Tropical Forests,"Tigers, Leopards",32-56,Southeast Asia,Vulnerable,Ursidae,90-150,32-56,Solitary,1-2,135.0,0.5193988738650277,53.5,0.21182484103364105,27.5,0.6417911078733393,44.0,0.47642606286075634,44.0,0.4219371920723839,120.0,0.13092729219704663
166,Tapir,70-120,150-400,"Brown, Black",25-30,Herbivore,"Rainforests, Grasslands","Jaguars, Crocodiles",48,South and Central America,Vulnerable,Tapiridae,390-395,48,Solitary,1,95.0,0.2016050000118856,275.0,0.8158290620209684,27.5,0.6417911078733393,48.0,0.5505946992560974,48.0,0.4942948618613963,392.5,1.2726279527170266
167,Tarsier,Up to 16,Up to 0.2,"Gray, Brown",12-20,Insectivore,Rainforests,"Birds, Snakes",40-50,"Southeast Asia, Philippines",Vulnerable,Tarsiidae,180-210,40-50,Solitary,1,8.0,-2.0362012728904593,0.1,-2.106017746581937,16.0,-0.12082293224980165,45.0,0.49558196099870777,45.0,0.44062536296701443,195.0,0.5986772005263142
168,Tasmanian Devil,30-76,4-14,"Black, White",5-8,"Carnivore, Scavenger","Forests, Grasslands",Tasmanian Tigers,16,"Tasmania, Australia",Endangered,Dasyuridae,21-28,16,Solitary,20-30,53.0,-0.32617202382111893,9.0,-0.44581277435448924,6.5,-1.389205342780507,16.0,-0.3858641662022612,16.0,-0.4192986009690123,24.5,-1.3997787894491347
169,Tasmanian Tiger,100-130,20-30,Yellow-brown,4-7,Carnivore,Australia,"Humans, Dingoes",40-72,Australia,Extinct,Thylacinidae,121-128,40-72,Solitary,1-4 (usually 2-3),115.0,0.3743897152448517,25.0,-0.06887450244965101,5.5,-1.624431394602269,56.0,0.6819929843742051,56.0,0.6224848109760031,124.5,0.16639475944195936
172,Three-Toed Sloth,46-58,Up to 8,"Brown, Gray",10,Herbivore,Rainforests,Harpy Eagles,20,Central and South America,Least Concern,Bradypodidae,30-40,20,Solitary,1-2,52.0,-0.343398648955719,4.0,-0.7450055126537997,10.0,-0.7826271513581922,20.0,-0.19565624749111163,20.0,-0.23373496595763427,35.0,-1.056149568852401
174,Tiger,108-133,100-390,"Orange, Black Stripes",10-15,Carnivore,Rainforests,"Humans, Leopards",28,"Asia, Russia",Endangered,Felidae,280-310,28,Solitary,1-4,120.5,0.4166397555683975,245.0,0.7732105773280461,12.5,-0.4684224632719169,28.0,0.09115322316075604,28.0,0.046071512607918655,295.0,0.9975114420483062
176,Toco Toucan,55-65,540-700,"Black, Orange, Yellow",6-10,Omnivore,Rainforests,"Birds of Prey, Jaguars",29-42,South America,Least Concern,Ramphastidae,17-20,56-64,Flocks,2-4,60.0,-0.2139824710115357,620.0,1.1157664020728923,8.0,-1.096831839444468,35.5,0.2934521473417356,60.0,0.679858496872774,18.5,-1.6704069045492638
177,Tree Kangaroo,51-79,4-8,"Brown, Red",15-20,Herbivore,Rainforests,"Quolls, Pythons",30,"Papua New Guinea, Indonesia",Endangered,Macropodidae,126-130,30,Solitary,1,65.0,-0.14159420944807702,6.0,-0.5954091435041444,17.5,0.005358443837484997,30.0,0.14996285675379825,30.0,0.10344519850469026,128.0,0.19310525589717942
180,Tufted Puffin,35-41,0.4-1,"Black, White",Up to 20,Carnivore,Coastal Areas,"Eagles, Falcons",17,North Pacific,Least Concern,Alcidae,122-130,17,Social groups,1,38.0,-0.6270612844622567,0.7,-1.3880741130387937,10.0,-0.7826271513581922,17.0,-0.3341876419628607,17.0,-0.3688838561592599,126.0,0.1779329099766028
181,Uakari,46-56,2-3,"Bald, Red",10-15,Omnivore,Rainforests,"Jaguars, Snakes",20,Amazon Basin,Vulnerable,Pitheciidae,120-130,20,Group-based,1-6,51.0,-0.360959792486978,2.5,-0.9184133719647569,12.5,-0.4684224632719169,20.0,-0.19565624749111163,20.0,-0.23373496595763427,125.0,0.17025618366694817
182,Vampire Bat,Up to 9,Up to 0.05,Brown,8-12,Carnivore,"Caves, Forests","Hawks, Owls",24-40,Americas,Least Concern,Phyllostomidae,50-70,24-40,Colony-based,1,4.5,-2.556543617946896,0.025,-2.6174911109949686,10.0,-0.7826271513581922,32.0,0.20497559501118753,32.0,0.1571146973990718,60.0,-0.5368673748024722
185,Walrus,Up to 3200,Up to 1200,Brown,40-50,Carnivore,"Arctic, Coastal Areas","Polar Bears, Orcas",40,"Arctic, Subarctic",Least Concern,Odobenidae,20-25,40,Group-based,Up to 200,1600.0,2.7554405208903248,600.0,1.1036685955260674,45.0,1.3352389779939033,40.0,0.39518351372233707,40.0,0.3426783324104498,22.5,-1.4818218704252193
186,Warthog,85-150,60-150,"Brown, Black",15-20,Omnivore,"Savannahs, Grasslands","Lions, Leopards",20,Sub-Saharan Africa,Least Concern,Suidae,160-220,20,Group-based,4-32,117.5,0.3938392922771792,105.0,0.46059999514107325,17.5,0.005358443837484997,20.0,-0.19565624749111163,20.0,-0.23373496595763427,190.0,0.5736517921003532
187,Water Buffalo,200-300,300-1200,Dark Gray,20-25,Herbivore,"Grasslands, Wetlands","Tigers, Crocodiles",40,"Asia, Africa",Least Concern,Bovidae,240-270,40,Group-based,30-500,250.0,1.0766594254984674,750.0,1.185997418421626,22.5,0.35923007079923697,40.0,0.39518351372233707,40.0,0.3426783324104498,255.0,0.8571291781441673
188,Western Gorilla,140-200,68-182,Black,30-40,Herbivore,Rainforests,"Leopards, Humans",40,Central Africa,Critically Endangered,Hominidae,220-270,40,Social groups,1,170.0,0.727877664515383,125.0,0.5249276848589393,35.0,0.9813673510321509,40.0,0.39518351372233707,40.0,0.3426783324104498,245.0,0.8185870764725173
189,Western Lowland Gorilla,140-200,68-181,Black,30-40,Herbivore,Rainforests,"Leopards, Humans",40,Central Africa,Critically Endangered,Hominidae,220-270,40,Social groups,1,170.0,0.727877664515383,124.5,0.5234489251911997,35.0,0.9813673510321509,40.0,0.39518351372233707,40.0,0.3426783324104498,245.0,0.8185870764725173
191,White Rhinoceros,1400-2300,1800-2500,Gray,40-50,Herbivore,Grasslands,"Lions, Hyenas",45,Eastern and Southern Africa,Near Threatened,Rhinocerotidae,240-300,45,Group-based,1-14,1850.0,2.8867388441029314,2150.0,1.5745571248985326,45.0,1.3352389779939033,45.0,0.49558196099870777,45.0,0.44062536296701443,270.0,0.9121969689496275
192,White Tiger,240-260,100-300,"White, Black Stripes",10-15,Carnivore,Rainforests,"Humans, Leopards",22,"India, Southeast Asia",Critically Endangered,Felidae,230-260,22,Solitary,1,250.0,1.0766594254984674,200.0,0.6983355441698964,12.5,-0.4684224632719169,22.0,-0.11441369835269202,22.0,-0.15447610629569983,245.0,0.8185870764725173
193,Wild Boar,65-100,30-120,"Brown, Black",10-25,Omnivore,"Forests, Grasslands","Tigers, Leopards",20,"Eurasia, North Africa, Americas",Least Concern,Suidae,160-190,20,Group-based,6-30,82.5,0.07401768108338573,75.0,0.3364585489065199,17.5,0.005358443837484997,20.0,-0.19565624749111163,20.0,-0.23373496595763427,175.0,0.4944216300697327
194,Wildebeest,170-250,200-390,"Gray, Black",20-25,Herbivore,Grasslands,"Lions, Crocodiles",47,Eastern and Southern Africa,Least Concern,Bovidae,240-270,47,Group-based,1-1000,210.0,0.9189793699387787,295.0,0.8417309262907775,22.5,0.35923007079923697,47.0,0.5326487397080434,47.0,0.4767870866327467,255.0,0.8571291781441673
195,Wolf,66-81,23-80,"Gray, White",8-13,Carnivore,"Forests, Grasslands","Bears, Humans",45,"Eurasia, North America, North Africa",Least Concern,Canidae,90-160,45,Group-based,2-20,73.5,-0.0304487635180492,51.5,0.19776790112060827,10.5,-0.7139265403647422,45.0,0.49558196099870777,45.0,0.44062536296701443,125.0,0.17025618366694817
196,Wolverine,30-45,9-25,Dark Brown,7-12,"Carnivore, Scavenger","Boreal Forests, Tundra","Bears, Wolves",56-70,"North America, Europe, Asia",Least Concern,Mustelidae,40-45,56-70,Solitary,2-3,37.5,-0.639039876470393,17.0,-0.21116469140305083,9.5,-0.8548523779849029,63.0,0.7823914316505755,63.0,0.7204318415325673,42.5,-0.8690949942311599
197,Wombat,84-118,20-35,"Brown, Gray",5-10,Herbivore,"Forests, Grasslands","Dingoes, Tasmanian Devils",20,Australia,Least Concern,Vombatidae,126-138,20,Solitary,1,101.0,0.2569919264649663,27.5,-0.033709807494137684,7.5,-1.187707447474144,20.0,-0.19565624749111163,20.0,-0.23373496595763427,132.0,0.22275141205089474
200,Yak,140-160,500-1200,"Brown, Black",20-25,Herbivore,Mountains,"Snow Leopards, Wolves",24,"Himalayas, Central Asia",Least Concern,Bovidae,215-280,24,Group-based,10-50,150.0,0.6146838134626067,850.0,1.2321763654206452,22.5,0.35923007079923697,24.0,-0.0402450619573513,24.0,-0.08211843650668775,247.5,0.8283681153502808
201,Yellow-Eyed Penguin,60-65,1-3,"Yellow, White",Up to 20,Carnivore,Coastal Areas,"Seals, Orcas",25,New Zealand,Endangered,Spheniscidae,80-90,25,Solitary,1,62.5,-0.17706426443453185,2.0,-1.0007421948603152,10.0,-0.7826271513581922,25.0,-0.005448328779962059,25.0,-0.04817133094625626,85.0,-0.20130032723164104
203,Zebra,220-340,400-900,"Black, White",20-25,Herbivore,Grasslands,"Lions, Hyenas",25,Africa,Least Concern,Equidae,180-365,25,Group-based,5-20,280.0,1.179150542466997,650.0,1.1332003559794823,22.5,0.35923007079923697,25.0,-0.005448328779962059,25.0,-0.04817133094625626,272.5,0.9210765161789328
204,Zebra Shark,Up to 330,Up to 32,"Brown, Yellowish",25-30,Carnivore,Coral Reefs,Larger Fish,20,Indo-Pacific region,Endangered,Stegostomatidae,10-25,20,Solitary,Up to 25,165.0,0.7008795260498857,16.0,-0.2335321482407679,27.5,0.6417911078733393,20.0,-0.19565624749111163,20.0,-0.23373496595763427,17.5,-1.7239442358519192
